Job ID,Job URL,Job Title,Company Name,Status,Timestamp,WP ID
bd355cdf80a09cf5,https://pk.linkedin.com/jobs/view/test-job-at-gubloo-technologies-4436964518,Test Job,,scraped,2026-07-07T02:15:07.462460,
2c2fd5c88f9aadb0,https://pk.linkedin.com/jobs/view/test-job-2-at-gubloo-technologies-4436963578,Test Job 2,,scraped,2026-07-07T02:15:14.033070,
d7653a0c197d0126,https://pk.linkedin.com/jobs/view/house-keeper-at-rlk-group-hr-4435817747,House Keeper,,scraped,2026-07-07T02:15:20.494112,
2b2753b812d17f02,https://pk.linkedin.com/jobs/view/bid-officer-pakistan-at-oxford-policy-management-4437448153,Bid Officer - Pakistan,Oxford Policy Management,posted,2026-07-07T02:15:41.719130,20
5a7db997bf7d5743,https://pk.linkedin.com/jobs/view/pizzab%C3%A4cker-m-w-at-mikespizza-4434927904,Pizzabäcker (m/w),Mikespizza,posted,2026-07-07T02:17:15.032486,22
679a35ac7363eb06,https://pk.linkedin.com/jobs/view/assistant-4433150896,Assistant,Alriyan advertiser,posted,2026-07-07T02:17:22.545421,24
5f1bf90c4b8c8c31,https://pk.linkedin.com/jobs/view/security-support-at-fao-4433963259,Security Support,,scraped,2026-07-07T02:17:25.190151,
a618596da4ab4d4d,https://pk.linkedin.com/jobs/view/aso-at-clixade-pvt-ltd-4433939231,Aso,Clixade Pvt Ltd,posted,2026-07-07T02:17:42.836375,26
dc2a30fb10af2da3,https://pk.linkedin.com/jobs/view/store-keeper-tj-1859433-at-recruit-ai-4436994094,Store Keeper - TJ / 1859433,,scraped,2026-07-07T02:17:45.328146,
dc89bc7738c4d335,https://pk.linkedin.com/jobs/view/acquisition-specialist-at-upwork-fiverr-peopleperhour-4433779573,Acquisition Specialist,"Upwork, Fiverr, PeoplePerHour",posted,2026-07-07T02:19:06.041388,28
873be38b7403ba35,https://pk.linkedin.com/jobs/view/customer-support-executive-at-ibex-pakistan-4220921797,Customer Support Executive,,scraped,2026-07-07T02:19:08.920042,
915474b506d8e6f4,https://pk.linkedin.com/jobs/view/it-administrator-at-openspace-4436410568,IT Administrator,,scraped,2026-07-07T02:19:17.596743,
fd4aed46b9503f0c,https://pk.linkedin.com/jobs/view/hr-executive-at-siegwerk-4428833194,HR Executive,,scraped,2026-07-07T02:19:24.891145,
7dfed929a71dee8b,https://pk.linkedin.com/jobs/view/video-editor-videographer-at-devsinc-4437136935,Video Editor/Videographer,,scraped,2026-07-07T02:19:32.787412,
f713b8cd54cf5f72,https://pk.linkedin.com/jobs/view/customer-support-executive-at-ibex-pakistan-4220922770,Customer Support Executive,,scraped,2026-07-07T02:20:10.360304,
28bc7224411ac17e,https://pk.linkedin.com/jobs/view/deputy-manager-contract-management-at-pakistan-single-window-psw-4436179643,Deputy Manager Contract Management,,scraped,2026-07-07T02:20:18.131369,
c41d6e3ad6389620,https://pk.linkedin.com/jobs/view/customer-support-executive-at-snoonu-4295862864,Customer Support Executive,,scraped,2026-07-07T02:20:26.391079,
689b1f6b56045222,https://pk.linkedin.com/jobs/view/senior-marketing-executive-at-devsinc-4437156301,Senior Marketing Executive,,scraped,2026-07-07T02:20:34.755569,
082a2990f4b5e02c,https://pk.linkedin.com/jobs/view/executive-secretary-to-ceo-hightech-solutions-at-taraki-4435461690,Executive Secretary to CEO - Hightech Solutions,,scraped,2026-07-07T02:20:47.438994,
1866bc404fe3e8aa,https://pk.linkedin.com/jobs/view/recruitment-coordinator-recruitment-administrator-at-secure-iq-services-4436177257,Recruitment Coordinator / Recruitment Administrator,,scraped,2026-07-07T02:20:53.776795,
fafa2a5fd4d9852a,https://pk.linkedin.com/jobs/view/production-support-officer-at-gsk-4433176163,Production Support Officer,,scraped,2026-07-07T02:22:04.068012,
8f47e3aedf068476,https://pk.linkedin.com/jobs/view/territory-manager-at-unilever-4435540523,Territory Manager,Unilever,posted,2026-07-07T02:22:20.572324,30
1ddfa820dcc48333,https://pk.linkedin.com/jobs/view/store-manager-at-rentokil-initial-4436496192,Store Manager,,scraped,2026-07-07T02:22:23.177670,
0a80a98a9987dd4c,https://pk.linkedin.com/jobs/view/data-engineer-at-mobilink-bank-4437154761,Data Engineer,,scraped,2026-07-07T02:22:29.673842,
5faec4e2b6f0c442,https://pk.linkedin.com/jobs/view/it-system-and-network-intern-arbisoft-at-taraki-4436095692,IT System and Network Intern - Arbisoft,,scraped,2026-07-07T02:22:39.210040,
3c41916aa672dc90,https://pk.linkedin.com/jobs/view/j-k-youth-have-immense-strength-pm-at-the-kashmir-monitor-4434610205,J&K youth have immense strength: PM,,scraped,2026-07-07T02:22:45.268663,
3e7e2678b3ae79e6,https://pk.linkedin.com/jobs/view/facility-expansion-site-acquisition-officer-contract-based-at-pakwheels-com-4436497939,Facility Expansion / Site Acquisition Officer (Contract-Based),,scraped,2026-07-07T02:22:52.799261,
5a1a7505db5f6f77,https://pk.linkedin.com/jobs/view/bookkeeper-at-edge-4433718415,Bookkeeper,,scraped,2026-07-07T02:23:00.058376,
95710980f8ec4eff,https://pk.linkedin.com/jobs/view/pnb-requires-managers-senior-managers-check-eligibility-salary-and-how-to-apply-at-the-kashmir-monitor-4434603865,"PNB requires managers, senior managers: Check eligibility, salary, and how to apply",,scraped,2026-07-07T02:24:15.215177,
b5762676be98738e,https://pk.linkedin.com/jobs/view/game-tester-qa-at-gamivision-4435214528,Game Tester(QA),,scraped,2026-07-07T02:24:22.719710,
32594a826c0b05de,https://pk.linkedin.com/jobs/view/administrative-intern-at-pakwheels-com-4436304829,Administrative Intern,,scraped,2026-07-07T02:25:34.183973,
eee15d48ad971876,https://pk.linkedin.com/jobs/view/customer-success-specialist-at-ibex-pakistan-4220924170,Customer Success Specialist,,scraped,2026-07-07T02:25:41.029550,
4ab3ae1f3ba7f2aa,https://pk.linkedin.com/jobs/view/product-manager-at-asiancontinental-4433184499,Product Manager,AsianContinental,posted,2026-07-07T02:26:25.210455,32
2034a95287bb6939,https://pk.linkedin.com/jobs/view/customer-services-specialist-at-ibex-pakistan-4220919988,Customer Services Specialist,,scraped,2026-07-07T02:26:27.888910,
0e0e2e8fd21bb3ab,https://pk.linkedin.com/jobs/view/senior-accountant-remote-at-cordatus-resource-group-4435021538,Senior Accountant (Remote),Cordatus Resource Group,posted,2026-07-07T02:26:41.729448,34
a02b44ce66700bed,https://pk.linkedin.com/jobs/view/draftsman-quantity-control-drawings-at-work-together-4436033951,Draftsman (Quantity Control Drawings),,scraped,2026-07-07T02:26:44.768154,
310b4f23927aee4a,https://pk.linkedin.com/jobs/view/junior-accountant-at-murkez-technologies-4435048725,Junior Accountant,Murkez Technologies,posted,2026-07-07T02:27:04.847554,36
401c72be859c94ad,https://pk.linkedin.com/jobs/view/business-development-manager-at-a-p-moller-maersk-4436374270,Business Development Manager,,scraped,2026-07-07T02:27:07.851350,
5959c89206798b4b,https://pk.linkedin.com/jobs/view/customer-support-agent-at-flipdish-4434978668,Customer Support Agent,,scraped,2026-07-07T02:27:14.462832,
2fed1e2c3960916e,https://pk.linkedin.com/jobs/view/front-line-manager-multan-plant-at-pepsico-4433948362,Front Line Manager Multan Plant,,scraped,2026-07-07T02:27:20.952845,
a5181c91c2122f94,https://pk.linkedin.com/jobs/view/mechanical-cad-designer-at-corporate-panorama-4436948646,Mechanical CAD Designer,Corporate Panorama,posted,2026-07-07T02:28:49.381476,38
e3dcd3826f4f8276,https://pk.linkedin.com/jobs/view/attendant-at-center-for-continuing-education-uit-university-4435196745,Attendant,Center for Continuing Education - UIT University,posted,2026-07-07T02:28:58.419667,40
b491b2b7fcbdface,https://pk.linkedin.com/jobs/view/argon-welder-at-dada-groups-4434978438,Argon Welder,DADA Groups,posted,2026-07-07T02:29:08.814802,42
590f6644618571d1,https://pk.linkedin.com/jobs/view/invoice-processing-specialist-at-coca-cola-cci-4431581207,Invoice Processing Specialist,Coca-Cola İçecek,posted,2026-07-07T02:29:54.803504,44
d41625f773a2e3ac,https://pk.linkedin.com/jobs/view/project-accountant-remote-at-kaizen-asset-management-services-4435813069,Project Accountant - Remote,,scraped,2026-07-07T02:29:57.524334,
47425d022d4f080a,https://pk.linkedin.com/jobs/view/business-development-executive-fresh-graduates-at-checkuni-4432763067,Business Development Executive (Fresh Graduates),,scraped,2026-07-07T02:30:04.681416,
e5dec81e102f4b70,https://pk.linkedin.com/jobs/view/executive-assistant-to-uk-clients-tj-1860581-at-recruit-ai-4437438499,Executive Assistant to UK Clients - TJ / 1860581,,scraped,2026-07-07T02:30:11.502615,
a0a40ab26e839942,https://pk.linkedin.com/jobs/view/executive-retail-sales-kdw-at-interwood-mobel-pvt-ltd-4437167039,Executive Retail Sales (KDW),,scraped,2026-07-07T02:30:30.173591,
78c749014234cae6,https://pk.linkedin.com/jobs/view/product-manager-liability-products-adc-at-mobilink-bank-4434996394,Product Manager - Liability Products & ADC,,scraped,2026-07-07T02:30:36.745511,
da60a5e515af3d5f,https://pk.linkedin.com/jobs/view/assistant-manager-account-management-at-foodpanda-4436077167,"Assistant Manager, Account Management",,scraped,2026-07-07T02:31:49.660175,
e3f1600b57ad0d1e,https://pk.linkedin.com/jobs/view/field-dispatch-coordinator-at-zones-it-solutions-4426384934,Field Dispatch Coordinator,Zones IT Solutions,posted,2026-07-07T02:33:11.537608,46
ed2f5c69b089cc1e,https://pk.linkedin.com/jobs/view/indirect-tax-consultant-nearshore-islamabad-at-ey-4423662424,Indirect Tax - Consultant - Nearshore Islamabad,EY,posted,2026-07-07T02:33:22.927653,48
88aa309f201e1524,https://pk.linkedin.com/jobs/view/bitrix24-crm-specialist-at-virylx-4432795132,Bitrix24 CRM Specialist,,scraped,2026-07-07T02:33:25.519102,
890c3ec5a9b18379,https://pk.linkedin.com/jobs/view/training-specialist-at-acme-one-4433965071,Training Specialist,,scraped,2026-07-07T02:33:32.224222,
315a788b2cc1580c,https://pk.linkedin.com/jobs/view/ar-application-specialist-at-contour-software-4436315191,AR Application Specialist,,scraped,2026-07-07T02:33:39.196658,
f5623daa965ede7c,https://pk.linkedin.com/jobs/view/maintenance-engineer-at-gatron-industries-limited-4435557116,Maintenance Engineer,,scraped,2026-07-07T02:33:45.798309,
44f21321f4a81209,https://pk.linkedin.com/jobs/view/associate-director-acumen-academy-pakistan-at-acumen-4416732216,"Associate Director, Acumen Academy Pakistan",,scraped,2026-07-07T02:34:56.527681,
0ae7529e4b85dc3e,https://pk.linkedin.com/jobs/view/product-manager-earned-wage-access-ewa-at-easypaisa-digital-bank-4432328138,Product Manager - Earned Wage Access (EWA),easypaisa digital bank,posted,2026-07-07T02:36:06.319724,50
ac0c3fc332655798,https://pk.linkedin.com/jobs/view/cold-caller-at-webminds-studio-4433713185,Cold Caller,WebMinds Studio,posted,2026-07-07T02:36:18.552466,52
bdcd004e8afab404,https://pk.linkedin.com/jobs/view/video-editor-at-arbisoft-4435765696,Video Editor,,scraped,2026-07-07T02:36:21.188470,
776ed0e1b9131fae,https://pk.linkedin.com/jobs/view/r-d-assistant-at-reckitt-4437108919,R&D Assistant,,scraped,2026-07-07T02:36:29.316498,
5334325482dc94ea,https://pk.linkedin.com/jobs/view/admin-officer-tj-1859453-at-recruit-ai-4437183129,Admin Officer - TJ / 1859453,,scraped,2026-07-07T02:36:35.784634,
33d6cd123d49abe7,https://pk.linkedin.com/jobs/view/deputy-director-admissions-at-center-for-continuing-education-uit-university-4435305555,Deputy Director Admissions,Center for Continuing Education - UIT University,posted,2026-07-07T02:36:48.069072,54
a52b5fd37542bbd8,https://pk.linkedin.com/jobs/view/manager-customer-engagement-business-continuity-at-ptcl-official-4437157858,Manager Customer Engagement & Business Continuity,PTCL.Official,posted,2026-07-07T02:38:09.719329,56
9f5f3a960d1a523e,https://pk.linkedin.com/jobs/view/project-coordinator-at-zones-it-solutions-4399887737,Project Coordinator,Zones IT Solutions,posted,2026-07-07T02:38:22.354647,58
0cf35f343023f544,https://pk.linkedin.com/jobs/view/territory-manager-hyderabad-at-steps-ahead-pakistan-4436221132,Territory Manager - Hyderabad,,scraped,2026-07-07T02:38:24.963182,
35b4a605adc6576a,https://pk.linkedin.com/jobs/view/accountant-at-bestax-chartered-accountants-4435204484,Accountant,Bestax Chartered Accountants,posted,2026-07-07T02:38:41.603529,60
9d33d14b2b6aa8f8,https://pk.linkedin.com/jobs/view/media-buyer-at-huzzle-com-4432356832,Media Buyer,,scraped,2026-07-07T02:38:44.432426,
8bfc30238e395185,https://pk.linkedin.com/jobs/view/sales-development-representative-sdr-%E2%80%94-uk-market-4434500175,Sales Development Representative (SDR) — UK Market,Speed Dial solutions,posted,2026-07-07T02:38:56.422258,62
ae50d0adc9a592fc,https://pk.linkedin.com/jobs/view/catalog-master-data-expert-at-nielseniq-4435436580,Catalog Master Data Expert,NielsenIQ,posted,2026-07-07T02:39:06.633344,64
4de44227cc5cfb14,https://pk.linkedin.com/jobs/view/medical-sales-representative-at-people-perfect-4437141487,Medical Sales Representative,,scraped,2026-07-07T02:39:08.981458,
614918f7c40a67cc,https://pk.linkedin.com/jobs/view/telemarketer-at-intellivision-llc-4432744615,Telemarketer,Intellivision LLC,posted,2026-07-07T02:39:27.111620,66
3818d4595ddad2d3,https://pk.linkedin.com/jobs/view/people-operations-generalist-hr-at-volga-partners-4437145296,People Operations Generalist (HR),,scraped,2026-07-07T02:39:29.740006,
1724fb7cda64da80,https://pk.linkedin.com/jobs/view/social-media-meta-ads-specialist-onsite-faisalabad-at-enzipe-4433952168,Social Media (Meta Ads) Specialist - Onsite Faisalabad,,scraped,2026-07-07T02:40:55.028495,
17b4f832abab7863,https://pk.linkedin.com/jobs/view/associate-legal-compliance-central-operation-office-at-dbs-bank-4436767090,"Associate , Legal & Compliance, Central Operation Office",,scraped,2026-07-07T02:41:01.420274,
af7de4cf188bc28c,https://pk.linkedin.com/jobs/view/manager-mca-revenue-at-arcesium-4436077678,"Manager, MCA Revenue",,scraped,2026-07-07T02:41:07.815400,
de47c3b050838f67,https://pk.linkedin.com/jobs/view/creative-project-manager-at-triva-global-4436215296,Creative Project Manager,TriVA Global,posted,2026-07-07T02:41:26.014409,68
0eeb85372802b80b,https://pk.linkedin.com/jobs/view/repair-and-maintenance-specialist-ii-fishing-services-at-weatherford-4435170249,Repair and Maintenance Specialist II - Fishing Services,Weatherford,posted,2026-07-07T02:41:38.423397,70
61992174318597d0,https://pk.linkedin.com/jobs/view/ecommerce-ops-executive-girls-boys-at-growth-sync-4433988294,Ecommerce Ops Executive (Girls & Boys),,scraped,2026-07-07T02:41:41.198823,
2622a61c9894d9d5,https://pk.linkedin.com/jobs/view/billing-coordinator-at-vfairs-4436437438,Billing Coordinator,,scraped,2026-07-07T02:41:48.380050,
5290b5acaf2c9034,https://pk.linkedin.com/jobs/view/quality-associate-at-nielseniq-4432366471,Quality Associate,NielsenIQ,posted,2026-07-07T02:42:33.330747,72
104d963c798301ac,https://pk.linkedin.com/jobs/view/business-development-officer-at-dawood-family-takaful-limited-4433745257,Business Development Officer,,scraped,2026-07-07T02:42:35.878663,
b3de26eb92e41cd7,https://pk.linkedin.com/jobs/view/admin-executive-at-codup-4436793230,Admin Executive,Codup,posted,2026-07-07T02:42:53.682125,74
31e68362a0fa054e,https://pk.linkedin.com/jobs/view/health-representative-at-pfizer-4428870430,Health Representative,,scraped,2026-07-07T02:42:56.318501,
6725329e6e7aca77,https://pk.linkedin.com/jobs/view/residence-life-and-transportation-manager-at-national-institute-of-technology-4437172326,Residence Life and Transportation Manager,National Institute of Technology,posted,2026-07-07T02:43:17.823094,76
f78b3f0482e4c004,https://pk.linkedin.com/jobs/view/videographer-at-pace-overseas-consultants-4433999612,Videographer,,scraped,2026-07-07T02:43:20.363955,
151764ef0cbb67de,https://pk.linkedin.com/jobs/view/cashier-tj-1859425-at-recruit-ai-4436995100,Cashier - TJ / 1859425,,scraped,2026-07-07T02:43:32.753085,
7354a9a6414052a9,https://pk.linkedin.com/jobs/view/office-boy-tj-1859383-at-recruit-ai-4436935886,Office Boy - TJ / 1859383,Recruit AI,posted,2026-07-07T02:43:58.576821,78
21b0cb3b9fb8c9fd,https://pk.linkedin.com/jobs/view/graphic-designer-at-mammoth-ai-4435220077,Graphic Designer,Mammoth-AI,posted,2026-07-07T02:44:08.948466,80
00cd9de789682931,https://pk.linkedin.com/jobs/view/senior-officer-trade-compliance-sanction-unit-mashreq-global-network-pakistan-at-mashreq-4433914752,Senior Officer - Trade Compliance - Sanction Unit (Mashreq Global Network Pakistan),Mashreq,posted,2026-07-07T02:45:27.804019,82
d58b41618213ec37,https://pk.linkedin.com/jobs/view/project-manager-at-zameen-developments-4431576851,Project Manager,,scraped,2026-07-07T02:45:30.602268,
00c14ac2ae3acfe5,https://pk.linkedin.com/jobs/view/freelance-content-writer-at-kamil-riaz-kara-4436953059,Freelance Content Writer,,scraped,2026-07-07T02:45:36.770774,
09833fd97cb411af,https://pk.linkedin.com/jobs/view/receptionist-administrative-assistant-at-kaizenhub-formerly-onyx-coworking-4433946329,Receptionist & Administrative Assistant,KaizenHub | Formerly Onyx Coworking,posted,2026-07-07T02:46:29.677456,84
e4d9fee183ac7484,https://pk.linkedin.com/jobs/view/sales-engineer-pakistan-at-doka-asia-pacific-4432360310,Sales Engineer Pakistan,,scraped,2026-07-07T02:46:32.486651,
4d983dd8a4f2f364,https://pk.linkedin.com/jobs/view/finishing-site-supervisor-at-work-together-4435040845,Finishing Site Supervisor,,scraped,2026-07-07T02:46:38.852944,
5c0f3a4de3cd4c94,https://pk.linkedin.com/jobs/view/people-partner-hrbp-at-arbisoft-4435437538,People Partner - HRBP,,scraped,2026-07-07T02:46:46.948957,
a79aaa13ff5739c0,https://pk.linkedin.com/jobs/view/head-of-marketing-at-sowears-4433913460,Head of Marketing,,scraped,2026-07-07T02:47:00.827674,
c3c36612047ca4e4,https://pk.linkedin.com/jobs/view/social-media-manager-at-phoenix-coderex-4434626189,Social Media Manager,,scraped,2026-07-07T02:47:07.988277,
52ccd2782190dca3,https://pk.linkedin.com/jobs/view/regional-manager-sales-digital-solutions-at-jazzworld-4435153291,Regional Manager Sales - Digital Solutions,,scraped,2026-07-07T02:47:17.037547,
4b8d32fbb56269ee,https://pk.linkedin.com/jobs/view/provider-recruiter-at-psychplus-4436212564,Provider Recruiter,PsychPlus,posted,2026-07-07T02:47:39.238576,86
465872fcb1be7889,https://pk.linkedin.com/jobs/view/appointment-setter-1392-karachi-pakistan-at-bionic-talent-4437715336,"Appointment Setter - 1392 - Karachi, Pakistan",,scraped,2026-07-07T02:47:42.067445,
ec7819d9f9b77eaa,https://pk.linkedin.com/jobs/view/general-manager-%E2%80%93-mine-operations-at-mogi-i-o-ott-podcast-short-video-apps-for-you-4431935234,General Manager – Mine Operations,,scraped,2026-07-07T02:48:52.559383,
9a69a98fb4db8467,https://pk.linkedin.com/jobs/view/transactional-finance-assistant-hr-business-solutions-at-taraki-4431595071,Transactional Finance Assistant - HR Business Solutions,,scraped,2026-07-07T02:49:01.248527,
6abc641ce44a5627,https://pk.linkedin.com/jobs/view/sales-operations-reporting-specialist-at-veripark-4435450180,Sales Operations & Reporting Specialist,,scraped,2026-07-07T02:49:07.965091,
b69d8eca550536e6,https://pk.linkedin.com/jobs/view/engineer-new-product-development-at-bhoruka-extrusions-a-ykk-ap-company-pvt-ltd-4436031112,Engineer- New Product Development,,scraped,2026-07-07T02:49:15.193372,
d675a1caa38ec383,https://pk.linkedin.com/jobs/view/am-finance-at-unilever-4435542424,AM Finance,Unilever,posted,2026-07-07T02:49:32.836906,88
e0310adb3be9d761,https://pk.linkedin.com/jobs/view/junior-social-media-executive-at-igate-technologies-pakistan-4436499354,Junior Social Media Executive,iGate Technologies Pakistan,posted,2026-07-07T02:49:46.159294,90
0c0bc36937fcf156,https://pk.linkedin.com/jobs/view/video-grapher-4432348508,Video Grapher,Social Venture,posted,2026-07-07T02:49:53.946149,92
4eecca024f285a19,https://pk.linkedin.com/jobs/view/seniors-derivatives-audit-valuation-pakistan-at-ey-4385054025,Seniors - Derivatives - Audit Valuation - Pakistan,EY,posted,2026-07-07T02:51:09.418808,94
6dd7062301e9d25b,https://pk.linkedin.com/jobs/view/public-relations-officer-at-zameen-com-4433182555,Public Relations Officer,Zameen.com,posted,2026-07-07T02:51:20.419892,96
9c0b297fa94898a4,https://pk.linkedin.com/jobs/view/lead-customer-application-engineer-at-ge-vernova-4436753512,Lead Customer Application Engineer,,scraped,2026-07-07T02:51:23.415905,
2c67258f9fc33e6e,https://pk.linkedin.com/jobs/view/membership-manager-health-fitness-industry-at-recruitp-4431765193,Membership Manager (Health & Fitness Industry),RecruitP,posted,2026-07-07T02:52:57.196344,98
82ab44f9555d1d9c,https://pk.linkedin.com/jobs/view/debt-validation-closer-at-one-stop-bpo-4433724031,Debt Validation Closer,,scraped,2026-07-07T02:52:59.750294,
5ea02415c6fe94f7,https://pk.linkedin.com/jobs/view/merchant-relationship-manager-at-baadmay-4432331909,Merchant Relationship Manager,,scraped,2026-07-07T02:53:10.337218,
273b6b5ba2ca055e,https://pk.linkedin.com/jobs/view/sales-admissions-manager-at-tuitional-4433116645,Sales / Admissions Manager,Tuitional,posted,2026-07-07T02:53:28.434747,100
5b19d6c3fc0bf32e,https://pk.linkedin.com/jobs/view/lead-account-management-at-foodpanda-4435824826,"Lead, Account Management",,scraped,2026-07-07T02:53:31.324398,
71a1d4468150db5a,https://pk.linkedin.com/jobs/view/penetration-tester-at-arwen-tech-4436193251,Penetration Tester,,scraped,2026-07-07T02:53:38.611603,
f33297f6909f76dd,https://pk.linkedin.com/jobs/view/senior-accountant-at-jotun-middle-east-india-and-africa-meia-4436077266,Senior Accountant,,scraped,2026-07-07T02:53:50.551276,
5614a4ddb95df1dc,https://pk.linkedin.com/jobs/view/hr-executive-at-fly-jinnah-4436374242,HR Executive,,scraped,2026-07-07T02:53:57.801911,
824b28353326577e,https://pk.linkedin.com/jobs/view/english-teacher-at-funfox-program-4436097413,English Teacher,,scraped,2026-07-07T02:54:05.682145,
ba60d3190d14243b,https://pk.linkedin.com/jobs/view/officer-driver-support-at-al-ghurair-4432378917,Officer Driver Support,,scraped,2026-07-07T02:55:15.987927,
237d09f8afe4a73c,https://pk.linkedin.com/jobs/view/creative-manager-at-mammoth-ai-4435441226,Creative Manager,,scraped,2026-07-07T02:55:23.563076,
5ea38c05bc5bc8b2,https://pk.linkedin.com/jobs/view/outbound-sales-development-representative-mexico-pakistan-at-tandem-ventures-4435379752,Outbound Sales Development Representative (Mexico/Pakistan),,scraped,2026-07-07T02:55:35.619321,
b2c3828f62d8cc80,https://pk.linkedin.com/jobs/view/hr-generalist-phoenix-coderex-at-taraki-4435416636,HR Generalist - Phoenix Coderex,,scraped,2026-07-07T02:55:42.785401,
ead8d2a269c980e3,https://pk.linkedin.com/jobs/view/reviews-editor-at-software-finder-careers-4436093163,Reviews Editor,,scraped,2026-07-07T02:55:49.124385,
ff2fa16941f82ace,https://pk.linkedin.com/jobs/view/artificial-intelligence-ai-instructor-at-taabir-technical-and-vocational-center-4433954023,Artificial Intelligence (AI) Instructor,,scraped,2026-07-07T02:55:56.006411,
255ecc369fdabe13,https://pk.linkedin.com/jobs/view/sales-coordinator-home-textiles-at-textile-city-inc-4433983389,Sales Coordinator Home Textiles,,scraped,2026-07-07T02:56:02.986853,
5b72ab4322fff84d,https://pk.linkedin.com/jobs/view/fitness-instructor-at-olympicgym-4433959234,Fitness Instructor,OlympicGym,posted,2026-07-07T02:56:33.513613,102
3ce108f24b8fa944,https://pk.linkedin.com/jobs/view/commercial-associate-at-livedin-4433735299,Commercial Associate,,scraped,2026-07-07T02:56:36.143343,
f0f2a888c72c66ff,https://pk.linkedin.com/jobs/view/specialist-cybersecurity-compliance-at-jazzworld-4437150398,Specialist Cybersecurity Compliance,,scraped,2026-07-07T02:56:42.857038,
bfcddff92bcae788,https://pk.linkedin.com/jobs/view/data-operations-associate-at-octus-4435574510,Data Operations Associate,,scraped,2026-07-07T02:57:01.005591,
c077bcd9944f6678,https://pk.linkedin.com/jobs/view/senior-cameraman-karachi-bureau-cna-tv-at-mediacorp-pte-ltd-4427482069,"Senior / Cameraman, Karachi Bureau (CNA TV)",,scraped,2026-07-07T02:57:27.446666,
667a393910c0889a,https://pk.linkedin.com/jobs/view/sales-development-representative-at-wyxan-4433161307,Sales Development Representative,,scraped,2026-07-07T02:57:35.105118,
36d96e2b3aa22d80,https://pk.linkedin.com/jobs/view/manafa-campus-ambassador-program-mcap-at-manafa-technologies-4436739409,Manafa Campus Ambassador Program (MCAP),Manafa Technologies,posted,2026-07-07T02:58:28.440391,104
8ca63106c4f58fd0,https://pk.linkedin.com/jobs/view/shift-engineer-process-molding-at-novatex-limited-4436923922,Shift Engineer - Process (Molding),,scraped,2026-07-07T02:58:31.051963,
a232c60b8cd02713,https://pk.linkedin.com/jobs/view/senior-risk-analyst-at-ubl-united-bank-limited-4437178115,Senior Risk Analyst,,scraped,2026-07-07T02:58:37.733762,
899976a175ccec1a,https://pk.linkedin.com/jobs/view/talent-acquisition-associate-at-cogent-labs-4436082852,Talent Acquisition Associate,,scraped,2026-07-07T02:58:46.752256,
81904cb5dde39f98,https://pk.linkedin.com/jobs/view/sales-development-representative-sdr-at-datagraders-4433749669,Sales Development Representative (SDR),,scraped,2026-07-07T02:59:07.948266,
198561797c41cf8b,https://pk.linkedin.com/jobs/view/telecom-networking-specialist-usa-based-at-we-custom-boxes-4429875825,Telecom & Networking Specialist (USA Based),,scraped,2026-07-07T02:59:16.088472,
26d9e7bfb1dfa5fd,https://pk.linkedin.com/jobs/view/real-estate-specialist-at-confidential-4433180319,Real Estate Specialist,Confidential,posted,2026-07-07T03:00:52.220742,106
3b3168f159d3e046,https://pk.linkedin.com/jobs/view/content-writer-at-linkitsoft-4433961117,Content Writer,,scraped,2026-07-07T03:00:54.840700,
a109b0427d373dcc,https://pk.linkedin.com/jobs/view/assistant-media-planner-at-wpp-media-4432770936,Assistant Media Planner,,scraped,2026-07-07T03:02:05.956693,
f93aab349d724d5e,https://pk.linkedin.com/jobs/view/quality-associate-data-ops-at-nielseniq-4432367599,Quality Associate Data Ops,,scraped,2026-07-07T03:02:19.515409,
067899e6d02f321b,https://pk.linkedin.com/jobs/view/microsoft-hybrid-infrastructure-system-administrator-at-jbs-global-jaffer-business-systems-4436206548,Microsoft Hybrid Infrastructure System Administrator,,scraped,2026-07-07T03:02:27.044389,
18e876ca5921aff2,https://pk.linkedin.com/jobs/view/deputy-test-centre-administrator-at-idp-education-ltd-4437177635,Deputy Test Centre Administrator,,scraped,2026-07-07T03:02:36.660344,
e4d1a0f3c8c31e73,https://pk.linkedin.com/jobs/view/business-development-specialist-at-search-solution-pvt-ltd-4432717506,Business Development Specialist,,scraped,2026-07-07T03:03:47.085404,
af3b974f7ffd5e45,https://pk.linkedin.com/jobs/view/export-marketing-partner-at-worldover-enterprises-pvt-ltd-4433974262,Export Marketing Partner,,scraped,2026-07-07T03:03:54.447384,
6fa47113d28b0d65,https://pk.linkedin.com/jobs/view/demand-generation-manager-at-mammoth-ai-4435210375,Demand Generation Manager,Mammoth-AI,posted,2026-07-07T03:04:34.177722,108
d994810460ecab76,https://pk.linkedin.com/jobs/view/sales-data-engineering-manager-at-motive-4357438959,Sales Data Engineering Manager,,scraped,2026-07-07T03:04:36.979000,
1512ad83bf6c4342,https://pk.linkedin.com/jobs/view/b2b-closer-bdm-us-shift-rawalpindi-at-riztech-4432706718,B2B Closer & BDM US Shift (Rawalpindi),RizTech,posted,2026-07-07T03:06:02.593093,110
75338d7e7cedac7b,https://pk.linkedin.com/jobs/view/wedding-video-editor-at-the-post-weddings-4433965014,Wedding Video Editor,The Post Weddings,posted,2026-07-07T03:06:12.687771,112
cc2eb77316b76acc,https://pk.linkedin.com/jobs/view/meta-ads-launcher-at-alpha-iota-bpo-4431933161,Meta Ads Launcher,,scraped,2026-07-07T03:06:15.445642,
495cd90e825db79c,https://pk.linkedin.com/jobs/view/assistant-manager-datacom-and-corporate-business-support-at-zong-5g-4433179826,Assistant Manager Datacom and Corporate Business Support,,scraped,2026-07-07T03:06:22.842438,
ff0e37d2a6cde0a0,https://pk.linkedin.com/jobs/view/lead-data-analyst-at-prime-system-solutions-4436720104,Lead Data Analyst,,scraped,2026-07-07T03:06:31.574337,
bb78f11d3d426553,https://pk.linkedin.com/jobs/view/social-media-executive-at-kamil-riaz-kara-4436951124,Social Media Executive,,scraped,2026-07-07T03:06:38.623595,
dbf20638396b76f8,https://pk.linkedin.com/jobs/view/sales-executive-at-web-planers-4430402848,Sales Executive,,scraped,2026-07-07T03:06:54.234181,
1704bad10e4a396d,https://pk.linkedin.com/jobs/view/training-manager-postex-at-taraki-4435428996,Training Manager - PostEx,,scraped,2026-07-07T03:07:12.800072,
a128d17dec9c1e6f,https://pk.linkedin.com/jobs/view/boq-quantity-surveyor-work-together-at-taraki-4436047502,BOQ Quantity Surveyor - Work Together,,scraped,2026-07-07T03:08:22.811658,
a7df23d2fe110ff6,https://pk.linkedin.com/jobs/view/sales-engineer-door-to-door-sales-at-coolair-compressors-4431926226,Sales Engineer (Door to Door Sales),,scraped,2026-07-07T03:08:29.314924,
8b58a9e5641bcbf9,https://pk.linkedin.com/jobs/view/manager-corporate-operations-at-foodpanda-4422228719,"Manager, Corporate Operations",,scraped,2026-07-07T03:08:41.627886,
d5365d7f7f9cc772,https://pk.linkedin.com/jobs/view/embedded-qa-engineer-intern-at-aio-4434338210,Embedded QA Engineer Intern,,scraped,2026-07-07T03:08:48.875617,
c48953a65acb149f,https://pk.linkedin.com/jobs/view/ettm-officer-at-deokjae-group-pakistan-4433977266,ETTM OFFICER,,scraped,2026-07-07T03:10:17.881046,
32b66696669e50d6,https://pk.linkedin.com/jobs/view/senior-data-analyst-finance-at-foodpanda-4434313305,Senior Data Analyst (Finance),,scraped,2026-07-07T03:10:25.336010,
fe8f1e049508be2d,https://pk.linkedin.com/jobs/view/founder-s-associate-at-colabs-4432773715,Founder's Associate,,scraped,2026-07-07T03:10:32.565169,
286d96fa70fd0fdc,https://pk.linkedin.com/jobs/view/senior-manager-infrastructure-partnership-at-ptcl-official-4435556183,Senior Manager Infrastructure Partnership,PTCL.Official,posted,2026-07-07T03:10:56.544840,114
ec5bb3708d7df1dc,https://pk.linkedin.com/jobs/view/bizops-associate-at-katalynx-consulting-4437717209,BizOps Associate,,scraped,2026-07-07T03:10:59.263902,
7696df2759b8e81e,https://pk.linkedin.com/jobs/view/operations-assistant-at-dsv-global-transport-and-logistics-4435555150,Operations Assistant,,scraped,2026-07-07T03:11:05.320644,
6b520672d69c0b39,https://pk.linkedin.com/jobs/view/customer-service-representative-4433903523,Customer Service Representative,Gleampk,posted,2026-07-07T03:11:16.815284,116
2121952d117d3283,https://pk.linkedin.com/jobs/view/performance-marketing-specialist-at-kamil-riaz-kara-4436937572,Performance Marketing Specialist,,scraped,2026-07-07T03:11:19.597545,
14c2a3c00f25200c,https://pk.linkedin.com/jobs/view/paid-ads-specialist-google-meta-multi-platform-advertising-tj-1860998-at-recruit-ai-4437702101,"Paid Ads Specialist (Google, Meta & Multi-Platform Advertising) - TJ / 1860998",,scraped,2026-07-07T03:12:30.949304,
405df8f7ef2c47a4,https://pk.linkedin.com/jobs/view/assistant-manager-%E2%80%93-fleet-security-at-the-citizens-foundation-4436722348,Assistant Manager – Fleet & Security,The Citizens Foundation,posted,2026-07-07T03:12:49.794637,118
8c263bb8b63c1e8d,https://pk.linkedin.com/jobs/view/country-product-owner-deposits-cvp-neo-biz-mbp-retail-banking-group-at-mashreq-4436709525,Country Product Owner - Deposits & CVP.Neo Biz MBP.Retail Banking Group,Mashreq,posted,2026-07-07T03:13:02.781100,120
88f1c627023afad6,https://pk.linkedin.com/jobs/view/call-center-specialist-at-zameen-com-4433176448,Call Center Specialist,Zameen.com,posted,2026-07-07T03:13:13.734033,122
3d030be8f57453cf,https://pk.linkedin.com/jobs/view/senior-react-frontend-lead-storyblok-100%25-remote-project-based-at-allshore-talent-4437419518,Senior React / Frontend Lead - Storyblok (100% Remote) (Project-Based),,scraped,2026-07-07T03:13:16.401019,
8fbe9472b29c29c3,https://pk.linkedin.com/jobs/view/hr-business-analyst-non-cc-at-ibex-4258317774,HR Business Analyst - Non CC,,scraped,2026-07-07T03:13:23.700641,
db56c2a1456b4862,https://pk.linkedin.com/jobs/view/intern-csl-at-mondel%C4%93z-international-4437410321,"Intern, CSL",Mondelēz International,posted,2026-07-07T03:13:46.362427,124
6a182e8eacaf5600,https://pk.linkedin.com/jobs/view/education-program-manager-at-ef-4436997459,Education Program Manager,,scraped,2026-07-07T03:13:49.227545,
3cb46345a30143e5,https://pk.linkedin.com/jobs/view/junior-sales-executive-middle-east-apac-market-at-marcus-evans-group-4386543174,Junior Sales Executive (Middle East & APAC Market),,scraped,2026-07-07T03:13:56.943104,
9a9317feff10f432,https://pk.linkedin.com/jobs/view/business-development-associate-sales-partnerships-tj-1860632-at-recruit-ai-4437431627,Business Development Associate - Sales & Partnerships - TJ / 1860632,,scraped,2026-07-07T03:14:03.580656,
ec63200dae1c7281,https://pk.linkedin.com/jobs/view/chairperson-hod-computer-science-at-center-for-continuing-education-uit-university-4435301670,Chairperson / HOD Computer Science,Center for Continuing Education - UIT University,posted,2026-07-07T03:14:45.443143,126
4889d6da4c59e473,https://pk.linkedin.com/jobs/view/senior-digital-marketing-executive-cosmo-inc-at-taraki-4432325939,Senior Digital Marketing Executive - Cosmo Inc.,,scraped,2026-07-07T03:14:48.063523,
e1806e848c77a7ba,https://pk.linkedin.com/jobs/view/admissions-sales-associate-at-tuitional-4433136073,Admissions/ Sales Associate,Tuitional,posted,2026-07-07T03:15:04.505349,128
4d0c7138aacf1859,https://pk.linkedin.com/jobs/view/people-business-partner-at-motive-4433966739,People Business Partner,,scraped,2026-07-07T03:15:07.170447,
83a8294de4a468f0,https://pk.linkedin.com/jobs/view/customer-services-specialist-international-at-ibex-4407039722,Customer Services Specialist - International,,scraped,2026-07-07T03:15:14.136977,
cae2bcee1f008440,https://pk.linkedin.com/jobs/view/vp-stream-head-data-analytics-for-functions-mashreq-global-network-pakistan-at-mashreq-4433910794,"VP, Stream Head - Data Analytics for Functions (Mashreq Global Network Pakistan)",Mashreq,posted,2026-07-07T03:15:38.111565,130
4a9f969e751dc178,https://pk.linkedin.com/jobs/view/growth-specialist-at-zameen-com-4433183497,Growth Specialist,Zameen.com,posted,2026-07-07T03:15:48.237391,132
1d707dd517f032d7,https://pk.linkedin.com/jobs/view/customer-services-specialist-international-at-ibex-4407028935,Customer Services Specialist - International,ibex,posted,2026-07-07T03:15:57.915451,134
812b2c80ee0cd754,https://pk.linkedin.com/jobs/view/customer-services-specialist-at-ibex-4407038711,Customer Services Specialist,,scraped,2026-07-07T03:16:00.619522,
462d0a6b788d1778,https://pk.linkedin.com/jobs/view/senior-consultant-global-compliance-and-reporting-fr-islamabad-at-ey-4385454759,Senior Consultant - Global Compliance and Reporting - FR Islamabad,EY,posted,2026-07-07T03:16:15.861915,136
47ef9620674612b7,https://pk.linkedin.com/jobs/view/client-acquisition-specialist-at-zameen-com-4433175756,Client Acquisition Specialist,Zameen.com,posted,2026-07-07T03:16:26.646386,138
f638b19d0de622c4,https://pk.linkedin.com/jobs/view/director-enterprise-risk-management-at-mobilink-bank-4435804036,Director Enterprise Risk Management,,scraped,2026-07-07T03:16:29.269249,
b055d1b7114827b1,https://pk.linkedin.com/jobs/view/tax-global-compliance-and-reporting-consultant-fr-lahore-pakistan-at-ey-4385046557,"Tax Global Compliance and Reporting - Consultant - FR Lahore, Pakistan",EY,posted,2026-07-07T03:16:46.227050,140
c6b2c18522a4f23d,https://pk.linkedin.com/jobs/view/interior-designer-execution-at-work-together-4435053493,Interior Designer Execution,,scraped,2026-07-07T03:16:48.823385,
841f4495f7ff278c,https://pk.linkedin.com/jobs/view/video-editor-at-phoenix-coderex-4434625438,Video Editor,,scraped,2026-07-07T03:16:57.379888,
2bedb1314b16045a,https://pk.linkedin.com/jobs/view/network-support-engineer-at-dwp-group-4436078731,Network Support Engineer,,scraped,2026-07-07T03:17:06.091068,
8ca1386ff9361c79,https://pk.linkedin.com/jobs/view/quality-assurance-executive-energy-campaign-techtiks-global-pvt-ltd-at-taraki-4434372690,Quality Assurance Executive (Energy Campaign) - Techtiks Global PVT LTD.,,scraped,2026-07-07T03:17:13.415632,
fcabec8679b0e8f0,https://pk.linkedin.com/jobs/view/deputy-manager-business-development-at-wilson-s-pharmaceuticals-4436368679,Deputy Manager Business Development,,scraped,2026-07-07T03:17:19.779395,
1c11a44e30ef8042,https://pk.linkedin.com/jobs/view/assistant-manager-content-at-foodpanda-4406266760,"Assistant Manager, Content",,scraped,2026-07-07T03:17:27.847089,
cdc6908de93e781a,https://pk.linkedin.com/jobs/view/buisness-development-executive-orient-cargo-services-at-taraki-4435216271,Buisness Development Executive - Orient Cargo Services,,scraped,2026-07-07T03:17:35.062571,
28e90859b6ba6622,https://pk.linkedin.com/jobs/view/assistant-manager-accounts-receivable-at-systems-limited-4437158365,Assistant Manager Accounts Receivable,,scraped,2026-07-07T03:17:41.425948,
7f6ed4ec84891515,https://pk.linkedin.com/jobs/view/assistant-manager-%E2%80%93-hr-talent-acquisition-performance-management-tj-1860627-at-recruit-ai-4437438525,Assistant Manager – HR (Talent Acquisition & Performance Management) - TJ / 1860627,,scraped,2026-07-07T03:17:47.966098,
a8cee25f15d2fd9e,https://pk.linkedin.com/jobs/view/business-development-manager-for-international-student-recruitment-at-global-university-systems-4436346674,Business Development Manager for International Student Recruitment,,scraped,2026-07-07T03:18:13.211878,
b3d179ce56bf4c69,https://pk.linkedin.com/jobs/view/admin-executive-site-supervisor-at-zameen-com-4432359870,Admin Executive (Site Supervisor),Zameen.com,posted,2026-07-07T03:18:30.967615,142
3763d7aa8d5b47f9,https://pk.linkedin.com/jobs/view/business-development-specialist-upwork-at-yuniro-4433985599,Business Development Specialist (UpWork),,scraped,2026-07-07T03:18:33.600484,
81450febe06db591,https://pk.linkedin.com/jobs/view/senior-auditor-at-acca-careers-4436320527,Senior Auditor,,scraped,2026-07-07T03:18:41.587933,
6884285d61682e9c,https://pk.linkedin.com/jobs/view/customer-service-specialist-at-kaj-consultancy-4433953083,Customer Service Specialist,,scraped,2026-07-07T03:18:48.065757,
1dcf7c4c38ce1823,https://pk.linkedin.com/jobs/view/senior-executive-global-product-development-at-avery-dennison-4435537478,"Senior Executive, Global Product Development",,scraped,2026-07-07T03:18:56.380176,
2ee46c166ede9442,https://pk.linkedin.com/jobs/view/mayo-soron-plant-operator-tj-1860341-at-recruit-ai-4437185015,Mayo Soron Plant Operator - TJ / 1860341,Recruit AI,posted,2026-07-07T03:19:09.918388,144
b9cce32325d6408b,https://pk.linkedin.com/jobs/view/net-and-angular-developer-at-big-entities-4434302973,.Net and Angular Developer,,scraped,2026-07-07T03:19:12.631126,
a64d5f79f8ffd4a5,https://pk.linkedin.com/jobs/view/assistant-manager-operations-at-k-electric-4435559876,Assistant Manager Operations,K-Electric,posted,2026-07-07T03:20:05.965155,146
8e5ff4b88c43fc35,https://pk.linkedin.com/jobs/view/collection-officer-mashreq-global-network-at-mashreq-4435858217,Collection Officer (Mashreq Global Network),Mashreq,posted,2026-07-07T03:20:19.230610,148
014a0593a7ef9fe5,https://pk.linkedin.com/jobs/view/operations-associate-at-roomy-4432330613,Operations Associate,,scraped,2026-07-07T03:20:21.966685,
01c5fbfd46b6bb7e,https://pk.linkedin.com/jobs/view/manager-g2p-operations-governance-at-hbl-microfinance-bank-ltd-4437149365,Manager G2P Operations & Governance,HBL Microfinance Bank LTD,posted,2026-07-07T03:20:38.551844,150
ef641ce6caf08f64,https://pk.linkedin.com/jobs/view/sales-city-lead-at-olx-pakistan-4433942570,Sales City Lead,,scraped,2026-07-07T03:20:41.206749,
19bd8716d25f7376,https://pk.linkedin.com/jobs/view/expert-pricing-at-jazzworld-4436478602,Expert Pricing,,scraped,2026-07-07T03:20:48.486483,
24a6c86ad2a4546b,https://pk.linkedin.com/jobs/view/customer-service-representative-us-last-mile-operations-at-cci-market-intelligence-4433176035,Customer Service Representative - US Last Mile Operations,,scraped,2026-07-07T03:20:56.925083,
ff49584bebc01a84,https://pk.linkedin.com/jobs/view/quality-associate-at-nielseniq-4432377247,Quality Associate,,scraped,2026-07-07T03:21:03.391217,
3b980e592146f5b6,https://pk.linkedin.com/jobs/view/cctv-it-technician-at-khr-technologies-4433936665,CCTV&IT Technician,KHR Technologies,posted,2026-07-07T03:21:18.377482,152
11bbcf6e8662f7b3,https://pk.linkedin.com/jobs/view/sales-export-nomination-executive-cargo-solution-services-at-taraki-4435084105,Sales Export Nomination Executive - Cargo Solution Services,,scraped,2026-07-07T03:21:21.022671,
946b9714dd22250d,https://pk.linkedin.com/jobs/view/stream-head-product-strategy-at-jazzworld-4435139420,Stream Head - Product Strategy,,scraped,2026-07-07T03:21:27.508458,
54ea3aabe07cc110,https://pk.linkedin.com/jobs/view/virtual-medical-scribe-at-health-and-virtuals-4436263192,Virtual Medical Scribe,,scraped,2026-07-07T03:21:35.965117,
5e6ca78f3b3a8a13,https://pk.linkedin.com/jobs/view/admin-finance-executive-at-tekrowe-4437431396,Admin & Finance Executive,,scraped,2026-07-07T03:21:50.520660,
b6b6ed0eb498ad34,https://pk.linkedin.com/jobs/view/uk-sales-executive-female-at-shape-solutions-pvt-ltd-4435096260,UK Sales Executive ( Female ),,scraped,2026-07-07T03:22:05.062202,
49dc2d8152a799c8,https://pk.linkedin.com/jobs/view/video-editor-premiere-pro-after-effects-at-verta-4433986312,Video Editor | Premiere Pro & After Effects,Verta,posted,2026-07-07T03:22:22.186488,154
164890968c36b818,https://pk.linkedin.com/jobs/view/business-development-associate-accountaxuae-lahore-office-at-accountax-uae-4433987245,Business Development Associate - Accountaxuae (Lahore Office),,scraped,2026-07-07T03:22:24.771309,
b9012f1530522d5d,https://pk.linkedin.com/jobs/view/senior-manager-java-at-systems-limited-4436189282,Senior Manager - Java,,scraped,2026-07-07T03:22:31.632908,
4830be4655aa7ad9,https://pk.linkedin.com/jobs/view/video-editor-at-curlyblue-4434683329,Video Editor,,scraped,2026-07-07T03:22:37.944110,
67a238d8402e328c,https://pk.linkedin.com/jobs/view/business-analyst-at-vulcan-tech-4433966083,Business Analyst,,scraped,2026-07-07T03:22:45.471531,
c04977f354fd436a,https://pk.linkedin.com/jobs/view/business-development-executive-at-true-claim-partners-llc-4433976171,Business Development Executive,True Claim Partners LLC,posted,2026-07-07T03:22:58.818122,156
62fdc034b0cdaf87,https://pk.linkedin.com/jobs/view/it-sales-lead-generation-specialist-international-markets-remote-4421903543,IT Sales & Lead Generation Specialist (International Markets - Remote),LAYAL ALSHAIKH GROUP,posted,2026-07-07T03:23:06.356125,158
7d832330db09f45c,https://pk.linkedin.com/jobs/view/international-sales-cs-agent-at-emenac-inc-4436080768,International Sales/CS Agent,,scraped,2026-07-07T03:23:09.011670,
aaab8f31f10aa59c,https://pk.linkedin.com/jobs/view/site-supervisor-4433933396,Site Supervisor,Modular design studio,posted,2026-07-07T03:23:20.891592,160
bfb07076a97d464b,https://pk.linkedin.com/jobs/view/partner-success-manager-at-tcp-software-4437461829,Partner Success Manager,,scraped,2026-07-07T03:23:23.568931,
d5455a077c88a0a2,https://pk.linkedin.com/jobs/view/mis-data-analyst-at-ace-money-transfer-4437443991,MIS & Data Analyst,,scraped,2026-07-07T03:23:36.692296,
9c290a1ee5b5b7ac,https://pk.linkedin.com/jobs/view/application-support-engineer-at-infotech-group-4436702098,Application Support Engineer,,scraped,2026-07-07T03:23:43.241638,
3e0fe399e2ab33ad,https://pk.linkedin.com/jobs/view/sales-promotion-officer-at-nutrico-morinaga-pvt-limited-4433963814,Sales promotion officer,NutriCo Morinaga Pvt. Limited,posted,2026-07-07T03:24:02.566590,162
b364ee411ffcfb3a,https://pk.linkedin.com/jobs/view/department-manager-delivery-solution-at-metro-pakistan-pvt-limited-4433951538,Department Manager - Delivery Solution,METRO Pakistan (Pvt) Limited,posted,2026-07-07T03:24:15.844746,164
09d3f7d5418bbad4,https://pk.linkedin.com/jobs/view/admin-officer-at-dubizzle-labs-4435091639,Admin Officer,,scraped,2026-07-07T03:24:18.509183,
65179df0d91eecc6,https://pk.linkedin.com/jobs/view/customer-support-representative-us-healthcare-at-cognizance-solutions-pvt-ltd-4433784069,Customer Support Representative  (US Healthcare),,scraped,2026-07-07T03:24:24.792339,
105e8dcc4497c7e3,https://pk.linkedin.com/jobs/view/general-physicians-mbbs-at-oladoc-4436084007,General Physicians (MBBS),,scraped,2026-07-07T03:24:38.337190,
034b46797f4b376a,https://pk.linkedin.com/jobs/view/business-development-representative-at-devmarq-technologies-4433938387,Business Development Representative,DevMarq Technologies,posted,2026-07-07T03:24:54.677967,166
4099c57d43d69815,https://pk.linkedin.com/jobs/view/assistant-marketing-director-at-reach-first-4433925316,Assistant Marketing Director,,scraped,2026-07-07T03:24:57.501977,
3f8db2f8e2c306ba,https://pk.linkedin.com/jobs/view/product-support-specialist-at-podium-4416993194,Product Support Specialist,Podium,posted,2026-07-07T03:25:11.334258,168
14bfe2f6b11766e6,https://pk.linkedin.com/jobs/view/business-development-executive-remote-at-cloudpso-4435786676,Business Development Executive (Remote),Cloudpso,posted,2026-07-07T03:25:19.528431,170
46515297987c0a8d,https://pk.linkedin.com/jobs/view/senior-internal-controls-analyst-at-nysonian-inc-4362540370,Senior Internal Controls Analyst,Nysonian Inc.,posted,2026-07-07T03:25:29.321172,172
22940d20b2d7d1af,https://pk.linkedin.com/jobs/view/manager-debit-card-products-at-allied-bank-limited-4436304767,Manager Debit Card Products,,scraped,2026-07-07T03:25:31.954936,
21633c6b046bd6ea,https://pk.linkedin.com/jobs/view/react-front-end-engineer-tj-1860337-at-recruit-ai-4437430750,React Front End Engineer - TJ / 1860337,Recruit AI,posted,2026-07-07T03:25:45.700442,174
e6699dddd31f9715,https://pk.linkedin.com/jobs/view/senior-business-development-executive-%E2%80%93-higher-education-remote-freelance-at-paragon-global-internships-4435262068,Senior Business Development Executive – Higher Education (Remote | Freelance),Paragon Global Internships,posted,2026-07-07T03:25:53.789656,176
c9408bf371d8988a,https://pk.linkedin.com/jobs/view/operations-assistant-at-dsv-global-transport-and-logistics-4435540662,Operations Assistant,,scraped,2026-07-07T03:25:56.521111,
9bbb9eeddd57a477,https://pk.linkedin.com/jobs/view/senior-graphic-designer-at-ocean1-private-limited-4433913431,Senior Graphic Designer,,scraped,2026-07-07T03:26:02.707544,
655b729448f8055d,https://pk.linkedin.com/jobs/view/web-developer-seo-specialist-at-hegemonic-4434652633,Web Developer & SEO Specialist,,scraped,2026-07-07T03:26:11.740091,
69706ced63dcfc71,https://pk.linkedin.com/jobs/view/business-manager-connections-strategy-at-wpp-media-4421566650,Business Manager Connections & Strategy,,scraped,2026-07-07T03:26:25.746939,
679a406d4257298c,https://pk.linkedin.com/jobs/view/cx-specialist-lahore-technical-support-at-dengage-4436092600,CX Specialist - Lahore (Technical Support),Dengage,posted,2026-07-07T03:27:06.134213,178
caf3bf46399dae1d,https://pk.linkedin.com/jobs/view/deputy-director-corporate-liaison-cl-at-center-for-continuing-education-uit-university-4435312081,Deputy Director Corporate Liaison (CL),Center for Continuing Education - UIT University,posted,2026-07-07T03:27:15.053493,180
eba4eb93db0c1068,https://pk.linkedin.com/jobs/view/animator-video-editor-at-mammoth-ai-4435202831,Animator/Video Editor,,scraped,2026-07-07T03:27:17.813322,
07c4a2160b1f5f02,https://pk.linkedin.com/jobs/view/business-manager-at-wpp-media-4421956197,Business Manager,,scraped,2026-07-07T03:27:25.203595,
8641271a180f3d03,https://pk.linkedin.com/jobs/view/field-operations-manager-4433982108,Field Operations Manager,NaiveSprint,posted,2026-07-07T03:28:41.886354,182
51d89ed6efd1e829,https://pk.linkedin.com/jobs/view/customer-support-representative-csr-%E2%80%93-osense-digital-lahore-at-osense-digital-4433750230,"Customer Support Representative (CSR) – Osense Digital, Lahore",,scraped,2026-07-07T03:28:44.593577,
57108d9ee309202c,https://pk.linkedin.com/jobs/view/compliance-manager-%E2%80%93-us-msb-aml-at-edge-4432716767,Compliance Manager – US MSB & AML,,scraped,2026-07-07T03:28:50.719007,
950986ec531df538,https://pk.linkedin.com/jobs/view/deputy-manager-marketing-campaign-at-oxford-university-press-pakistan-4437163041,Deputy Manager Marketing Campaign,,scraped,2026-07-07T03:29:09.633465,
34e027cfac808f4a,https://pk.linkedin.com/jobs/view/real-estate-agent-at-confidential-hiring-4433164736,Real Estate Agent,Confidential Hiring,posted,2026-07-07T03:29:25.927033,184
6f3d1b381f54aa0c,https://pk.linkedin.com/jobs/view/performance-marketing-manager-at-ge-solucions-4436006434,PERFORMANCE MARKETING MANAGER,,scraped,2026-07-07T03:29:28.887302,
2404c5bb77f3b048,https://pk.linkedin.com/jobs/view/senior-brand-manager-nescaf%C3%A9-red-pillar-at-nestl%C3%A9-4436720086,Senior Brand Manager NESCAFÉ-Red Pillar,Nestlé,posted,2026-07-07T03:29:45.328807,186
79cf0d5920d4437c,https://pk.linkedin.com/jobs/view/mobile-application-developer-at-rijas-enterprises-4435898759,Mobile Application Developer,Rijas Enterprises,posted,2026-07-07T03:29:56.410215,188
118707068813d3d2,https://pk.linkedin.com/jobs/view/cash-management-specialist-at-jazzworld-4432365736,Cash Management Specialist,,scraped,2026-07-07T03:29:59.106081,
d1abebff35967041,https://pk.linkedin.com/jobs/view/sales-manager-at-all-solar-united-4433976609,Sales Manager,,scraped,2026-07-07T03:30:08.898276,
daa5ba5a25657285,https://pk.linkedin.com/jobs/view/civil-engineer-manager-information-system-at-the-citizens-foundation-4436491056,Civil Engineer - Manager Information System,The Citizens Foundation,posted,2026-07-07T03:30:27.819576,190
7e3a434242003549,https://pk.linkedin.com/jobs/view/zoho-developer-at-huzzle-com-4436490982,Zoho Developer,,scraped,2026-07-07T03:30:30.633942,
d8df6a24f22c5803,https://pk.linkedin.com/jobs/view/intern-business-process-improvement-at-curemd-4435203955,Intern - Business Process Improvement,,scraped,2026-07-07T03:30:37.823523,
92c6c652596fc546,https://pk.linkedin.com/jobs/view/senior-mine-manager-at-mogi-i-o-ott-podcast-short-video-apps-for-you-4431938117,Senior Mine Manager,,scraped,2026-07-07T03:30:45.700723,
b8acc39e49a5ecf3,https://pk.linkedin.com/jobs/view/senior-data-analyst-markets-at-foodpanda-4434306707,Senior Data Analyst (Markets),,scraped,2026-07-07T03:30:53.645685,
f2cf776c94071004,https://pk.linkedin.com/jobs/view/senior-data-analyst-logistics-analytics-at-foodpanda-4417437830,Senior Data Analyst (Logistics Analytics),,scraped,2026-07-07T03:31:01.050004,
bfb77a00d05534ce,https://pk.linkedin.com/jobs/view/social-media-strategist-onsite-night-shift-at-assistoro-4433131452,Social Media Strategist- Onsite Night shift,,scraped,2026-07-07T03:31:07.888862,
f3dbf7e9f1a405a7,https://pk.linkedin.com/jobs/view/senior-pe-tube-line-technical-supervisor-at-care-group-4433756056,Senior PE Tube line technical Supervisor,,scraped,2026-07-07T03:31:17.521784,
2ee46f7daa6b674a,https://pk.linkedin.com/jobs/view/internee-4433755494,Internee,Saab law firm,posted,2026-07-07T03:31:32.729624,192
ae81c5173f125f73,https://pk.linkedin.com/jobs/view/finance-manager-at-efs-facilities-services-group-efs-4431922308,Finance Manager,EFS Facilities Services Group (EFS),posted,2026-07-07T03:32:19.175909,194
6d5cefdb737fa23a,https://pk.linkedin.com/jobs/view/vendor-experience-manager-at-foodpanda-4406276624,Vendor Experience Manager,,scraped,2026-07-07T03:32:21.783249,
102f1175dea71d18,https://pk.linkedin.com/jobs/view/sales-development-representative-at-remote-growth-partners-4437430739,Sales Development Representative,Remote Growth Partners,posted,2026-07-07T03:33:45.475224,196
8e6a1522fd4b1be8,https://pk.linkedin.com/jobs/view/energy-auditor-at-sgs-4432333511,Energy Auditor,,scraped,2026-07-07T03:33:48.179546,
02db4c7fa66192ff,https://pk.linkedin.com/jobs/view/closing-department-manager-at-world-business-lenders-llc-4436762310,Closing Department Manager,"World Business Lenders, LLC",posted,2026-07-07T03:34:02.836955,198
9969b9eec4df5335,https://pk.linkedin.com/jobs/view/manager-content-at-snoonu-4385633439,Manager Content,,scraped,2026-07-07T03:34:05.570993,
251a97a32eb449a2,https://pk.linkedin.com/jobs/view/senior-japanese-car-exporter-at-intrawide-pvt-ltd-4433741419,Senior Japanese Car Exporter,,scraped,2026-07-07T03:34:13.480143,
6973c9db7b6c7973,https://pk.linkedin.com/jobs/view/sales-development-executive-at-ecommatrix-4432752955,Sales Development Executive,EcomMatrix,posted,2026-07-07T03:34:32.609704,200
f63c308bed4709ad,https://pk.linkedin.com/jobs/view/limousine-customer-care-agent-night-shift-english-speaking-required-on-site-at-reall-time-4433978552,Limousine Customer Care Agent (Night Shift - English Speaking Required) - On Site,,scraped,2026-07-07T03:34:35.437592,
011f31114dac872a,https://pk.linkedin.com/jobs/view/technical-support-engineer-at-motive-4433707454,Technical Support Engineer,Motive,posted,2026-07-07T03:34:50.015556,202
9afaee13937c3a1e,https://pk.linkedin.com/jobs/view/magento-developer-at-systems-limited-4436720131,Magento Developer,,scraped,2026-07-07T03:34:52.631949,
c98bdfcdd5cd27dc,https://pk.linkedin.com/jobs/view/supply-chain-manager-at-sperton-where-great-people-meet-4437133199,Supply Chain Manager,,scraped,2026-07-07T03:34:59.262635,
2b3fb168ad52e6f6,https://pk.linkedin.com/jobs/view/sales-representative-at-round-one-solutions-4433196740,Sales Representative,Round One Solutions,posted,2026-07-07T03:35:24.002176,204
a5b5ad2b1146421f,https://pk.linkedin.com/jobs/view/finance-executive-at-zameen-com-4433173682,Finance Executive,Zameen.com,posted,2026-07-07T03:35:34.892135,206
f54427512a25ed2c,https://pk.linkedin.com/jobs/view/customer-success-associate-at-curemd-4434606655,Customer Success Associate,CureMD,posted,2026-07-07T03:35:49.562785,208
7baae3de4e624b4c,https://pk.linkedin.com/jobs/view/senior-procurement-operations-analyst-at-assembly-talent-4435703355,Senior Procurement Operations Analyst,Assembly Talent,posted,2026-07-07T03:36:02.446850,210
8ee3859b5f6904f1,https://pk.linkedin.com/jobs/view/performance-marketing-executive-jp-117-at-scents-n-stories-4434317147,Performance Marketing Executive ( JP-117 ),,scraped,2026-07-07T03:36:05.126464,
3e3b638029fbcc8e,https://pk.linkedin.com/jobs/view/senior-analyst-%E2%80%93-rules-at-traydstream-4435108601,Senior Analyst – Rules,,scraped,2026-07-07T03:36:12.452882,
b4a2b4af0d7a5bda,https://pk.linkedin.com/jobs/view/senior-procurement-specialist-at-zones-it-solutions-4400599218,Senior Procurement Specialist,Zones IT Solutions,posted,2026-07-07T03:36:28.968837,212
a7e5824482be79f0,https://pk.linkedin.com/jobs/view/customer-support-specialist-international-at-ibex-4407030837,Customer Support Specialist - International,ibex,posted,2026-07-07T03:36:42.405521,214
089750eee1f7946f,https://pk.linkedin.com/jobs/view/full-stack-engineer-onsite-lahore-usd-salary-at-hr-pod-careers-4434604979,"Full Stack Engineer (Onsite, Lahore, USD Salary)",HR POD Careers,posted,2026-07-07T03:36:53.765647,216
45af24d8bc9fee35,https://pk.linkedin.com/jobs/view/quality-assurance-engineer-tj-1860329-at-recruit-ai-4437433590,Quality Assurance Engineer - TJ / 1860329,Recruit AI,posted,2026-07-07T03:37:01.533059,218
dda0f17da9ce8c6a,https://pk.linkedin.com/jobs/view/underground-mine-manager-at-mogi-i-o-ott-podcast-short-video-apps-for-you-4431927341,Underground Mine Manager,,scraped,2026-07-07T03:37:04.182145,
f0e547d4fc47c589,https://pk.linkedin.com/jobs/view/sales-closer-remote-digital-agency-at-digital-hive-solutions-4431577989,Sales Closer (Remote) - Digital Agency,,scraped,2026-07-07T03:37:12.281938,
1cdcd5901ec28aeb,https://pk.linkedin.com/jobs/view/sales-executive-at-bitsol-marketing-4433708471,Sales Executive,,scraped,2026-07-07T03:37:19.601205,
0dc1375b0955b87f,https://pk.linkedin.com/jobs/view/software-engineer-at-systems-limited-4437175712,Software Engineer,,scraped,2026-07-07T03:37:28.248861,
acd1415f9fc58ac7,https://pk.linkedin.com/jobs/view/sales-engineer-iot-ai-telematics-at-falkenherz-group-4433951394,Sales Engineer - IOT  & AI Telematics,,scraped,2026-07-07T03:37:34.841385,
6e096b7f47249397,https://pk.linkedin.com/jobs/view/full-stack-engineer-at-mission-dev-4410187785,Full Stack Engineer,,scraped,2026-07-07T03:37:44.334890,
38c00abefef69401,https://pk.linkedin.com/jobs/view/assistant-manager-it-pmo-at-ibex-4424869634,"Assistant Manager, IT PMO",ibex,posted,2026-07-07T03:37:57.311854,220
b9519373944df56a,https://pk.linkedin.com/jobs/view/sales-specialist-at-career-factory-4433181256,Sales Specialist,Career Factory,posted,2026-07-07T03:38:06.566428,222
c8339456e8c2c23c,https://pk.linkedin.com/jobs/view/finance-business-partner-at-descon-4432387115,Finance Business Partner,,scraped,2026-07-07T03:38:09.353453,
ec6a2832da65ad17,https://pk.linkedin.com/jobs/view/senior-ecommerce-seo-specialist-%E2%80%93-geo-aeo-ai-search-at-devcrabs-4436327166,"Senior Ecommerce SEO Specialist – GEO, AEO & AI Search",,scraped,2026-07-07T03:38:15.794174,
a8ff8a9c35f98d36,https://pk.linkedin.com/jobs/view/sales-representative-at-azk-inc-martinni-4433986905,Sales Representative,AZK Inc. | Martinni,posted,2026-07-07T03:38:24.327812,204
a198f0ee5c1ad57a,https://pk.linkedin.com/jobs/view/social-media-manager-at-devmarq-technologies-4433931656,Social Media Manager,DevMarq Technologies,posted,2026-07-07T03:38:35.978770,224
5fdbf6f611559e9f,https://pk.linkedin.com/jobs/view/commission-sales-associate-4433183052,Commission Sales Associate,Self-employed,posted,2026-07-07T03:38:43.275721,226
53659d681338e5d2,https://pk.linkedin.com/jobs/view/web-developer-at-kamil-riaz-kara-4436943330,Web Developer,Kamil Riaz Kara,posted,2026-07-07T03:38:51.777921,228
7e101fd8dc8a644c,https://pk.linkedin.com/jobs/view/territory-sales-manager-kehror-pakka-multan-region-at-corteva-agriscience-4433974159,Territory Sales Manager - Kehror Pakka (Multan Region),Corteva Agriscience,posted,2026-07-07T03:39:00.675176,230
b4efc18714b66334,https://pk.linkedin.com/jobs/view/associate-growth-account-executive-at-tcp-software-4314690282,Associate Growth Account Executive,TCP Software,posted,2026-07-07T03:39:09.392446,232
60f2f7f9a3979b97,https://pk.linkedin.com/jobs/view/head-of-finance-at-hr-capital-consultant-4432308626,Head of Finance,HR Capital Consultant,posted,2026-07-07T03:39:18.068322,234
345e47d6ce6f682f,https://pk.linkedin.com/jobs/view/sales-manager-at-roomy-4432327595,Sales Manager,,scraped,2026-07-07T03:39:20.700900,
07c72054ac3cad99,https://pk.linkedin.com/jobs/view/customer-support-executive-at-ibex-4407046617,Customer Support Executive,ibex,posted,2026-07-07T03:39:34.526582,236
1268187f37e68d11,https://pk.linkedin.com/jobs/view/international-sales-representative-at-tekpha-4433965546,International Sales Representative,TEKPHA,posted,2026-07-07T03:39:44.406788,238
379d947e57653b05,https://pk.linkedin.com/jobs/view/cgi-designer-at-rankers-online-solutions-4433998431,CGI Designer,Rankers Online Solutions,posted,2026-07-07T03:39:53.676138,240
4a7d89902127992d,https://pk.linkedin.com/jobs/view/social-media-marketing-intern-at-flipmeet-4433143222,Social Media Marketing Intern,FlipMeet,posted,2026-07-07T03:40:05.203212,242
c62a97298ab7a335,https://pk.linkedin.com/jobs/view/head-of-guest-operations-at-corporate-stays-4437454902,Head of guest Operations,Corporate Stays,posted,2026-07-07T03:40:17.430464,244
bab1ae83e9ad902a,https://pk.linkedin.com/jobs/view/marketing-executive-at-my-legal-cashier-ltd-4422320632,Marketing Executive,,scraped,2026-07-07T03:40:20.152152,
a5890b3889b4d952,https://pk.linkedin.com/jobs/view/project-manager-software-development-at-ibex-4406505041,Project Manager - Software Development,ibex,posted,2026-07-07T03:40:34.435341,246
60c38f766876e8d4,https://pk.linkedin.com/jobs/view/customer-success-specialist-at-ibex-4407047493,Customer Success Specialist,ibex,posted,2026-07-07T03:40:43.218554,248
856f357991fa2f9b,https://pk.linkedin.com/jobs/view/business-development-manager-dell-ibm-sw-at-ingram-micro-pakistan-4395971814,Business Development Manager Dell & IBM SW,Ingram Micro Pakistan,posted,2026-07-07T03:41:29.809172,250
8405906233ebcd74,https://pk.linkedin.com/jobs/view/fraud-analyst-fpi-mbp-client-experience-and-conduct-group-mbpkltd-at-mashreq-4426737990,Fraud Analyst.FPI - MBP.Client Experience and Conduct Group-MBPKLTD,Mashreq,posted,2026-07-07T03:41:42.964651,252
366429055469fc4f,https://pk.linkedin.com/jobs/view/lead-network-engineer-at-stewart-pakistan-private-limited-4432391869,Lead Network Engineer,,scraped,2026-07-07T03:41:45.545587,
36a724596c9e5bc0,https://pk.linkedin.com/jobs/view/it-support-associate-at-cerp-evidence-matters-4435040783,IT Support Associate,,scraped,2026-07-07T03:41:52.042993,
bb5437a0233e9092,https://pk.linkedin.com/jobs/view/technical-team-leader-%E2%80%93-network-security-engineer-karachi-australian-msp-at-virtual-heroes-4435797571,Technical Team Leader – Network & Security Engineer | Karachi (Australian MSP),Virtual Heroes,posted,2026-07-07T03:42:07.124928,254
efa29c068efd59fc,https://pk.linkedin.com/jobs/view/technical-sales-engineer-%E2%80%93-solar-division-at-azam-enterprises-4433908687,Technical Sales Engineer – Solar Division,Azam Enterprises,posted,2026-07-07T03:42:16.490563,256
c625a28422f37893,https://pk.linkedin.com/jobs/view/sales-associate-at-funfox-program-4436081886,Sales Associate,,scraped,2026-07-07T03:42:19.362584,
eeccd6e9d51941ca,https://pk.linkedin.com/jobs/view/ai-engineer-phd-required-at-pixalate-4389937377,AI Engineer (PhD Required),Pixalate,posted,2026-07-07T03:42:31.189715,258
f091cd4627bccc33,https://pk.linkedin.com/jobs/view/principal-staff-devops-consultant-azure-aks-terraform-morning-shift-at-10pearls-4436788542,"Principal/Staff DevOps Consultant - Azure, AKS, Terraform - Morning Shift",10Pearls,posted,2026-07-07T03:42:40.054530,260
32d71e66a34a2b34,https://pk.linkedin.com/jobs/view/senior-data-engineer-at-octdaily-4435425670,Senior Data Engineer,Octdaily,posted,2026-07-07T03:42:48.673907,262
66eb40c2109b9288,https://pk.linkedin.com/jobs/view/sales-executive-4433112634,Sales Executive,Spaces&Places,posted,2026-07-07T03:42:55.681912,264
166e5edafb092d7a,https://pk.linkedin.com/jobs/view/senior-devsecops-engineer-remote-full-time-as262-pk-at-smart-working-4432754447,"Senior DevSecOps Engineer (Remote, Full-Time) [AS262] PK",,scraped,2026-07-07T03:42:58.483538,
a7e3a3f95ac1a93a,https://pk.linkedin.com/jobs/view/head-of-business-unit-tj-1858093-at-recruit-ai-4437164920,Head of Business Unit - TJ / 1858093,Recruit AI,posted,2026-07-07T03:43:10.968701,266
a58c6df07b7c5a14,https://pk.linkedin.com/jobs/view/solution-architect-mgn-pak-tech-architecture-and-devops-mit-pakcoe-at-mashreq-4417467620,Solution Architect.MGN Pak - TECH - Architecture and Devops.MIT - PAKCOE,Mashreq,posted,2026-07-07T03:43:24.174633,268
73adc65a0933ddfd,https://pk.linkedin.com/jobs/view/sales-specialist-at-zameen-com-4433159982,Sales Specialist,Zameen.com,posted,2026-07-07T03:43:30.598549,222
8cdbb9a83936377b,https://pk.linkedin.com/jobs/view/outdoor-sales-executive-tj-1860383-at-recruit-ai-4437169836,Outdoor Sales Executive - TJ / 1860383,Recruit AI,posted,2026-07-07T03:43:39.459741,270
401ff5e115bc92e9,https://pk.linkedin.com/jobs/view/sales-executive-at-zameen-com-4433180622,Sales Executive,Zameen.com,posted,2026-07-07T03:43:45.603931,264
d72ad0ddb6ba7005,https://pk.linkedin.com/jobs/view/senior-manager-grc-tech-governance-control-mgn-pak-tech-technology-grc-mit-pakcoe-at-mashreq-4417472265,"Senior Manager, GRC Tech Governance & Control.MGN PAK - TECH - Technology GRC.MIT - PAKCOE",Mashreq,posted,2026-07-07T03:43:58.190653,272
ef6db331ff11f773,https://pk.linkedin.com/jobs/view/sales-consultant-at-zameen-com-4433168648,Sales Consultant,Zameen.com,posted,2026-07-07T03:44:08.485485,274
a7f8ffbf8baa92ba,https://pk.linkedin.com/jobs/view/lead-generation-and-email-marketing-specialist-tj-1858338-at-recruit-ai-4437495648,Lead Generation and Email Marketing Specialist - TJ / 1858338,Recruit AI,posted,2026-07-07T03:44:16.221982,276
d5a309f02fccccf8,https://pk.linkedin.com/jobs/view/vp-onboarding-servicing-retail-banking-ops-coe-pak-retail-banking-ops-ccam-operations-group-pakcoe-at-mashreq-4417478319,VP - Onboarding & Servicing - Retail Banking Ops.COE Pak - Retail Banking Ops - CCAM.Operations Group-PAKCOE,Mashreq,posted,2026-07-07T03:44:29.092902,278
